{
  "Total" : {
    "transaction" : "Total",
    "sampleCount" : 12,
    "errorCount" : 0,
    "errorPct" : 0.0,
    "meanResTime" : 246.25,
    "medianResTime" : 198.0,
    "minResTime" : 191.0,
    "maxResTime" : 777.0,
    "pct1ResTime" : 608.1000000000006,
    "pct2ResTime" : 777.0,
    "pct3ResTime" : 777.0,
    "throughput" : 4.051316677920324,
    "receivedKBytesPerSec" : 8.712902494091828,
    "sentKBytesPerSec" : 0.9841455308912896
  },
  "Delete Item" : {
    "transaction" : "Delete Item",
    "sampleCount" : 3,
    "errorCount" : 0,
    "errorPct" : 0.0,
    "meanResTime" : 202.66666666666666,
    "medianResTime" : 203.0,
    "minResTime" : 191.0,
    "maxResTime" : 214.0,
    "pct1ResTime" : 214.0,
    "pct2ResTime" : 214.0,
    "pct3ResTime" : 214.0,
    "throughput" : 1.675977653631285,
    "receivedKBytesPerSec" : 1.5237648393854748,
    "sentKBytesPerSec" : 0.4582751396648045
  },
  "Actualizar Item" : {
    "transaction" : "Actualizar Item",
    "sampleCount" : 3,
    "errorCount" : 0,
    "errorPct" : 0.0,
    "meanResTime" : 200.66666666666666,
    "medianResTime" : 201.0,
    "minResTime" : 200.0,
    "maxResTime" : 201.0,
    "pct1ResTime" : 201.0,
    "pct2ResTime" : 201.0,
    "pct3ResTime" : 201.0,
    "throughput" : 1.6891891891891893,
    "receivedKBytesPerSec" : 1.537426097972973,
    "sentKBytesPerSec" : 0.4470412795608108
  },
  "Get Item" : {
    "transaction" : "Get Item",
    "sampleCount" : 3,
    "errorCount" : 0,
    "errorPct" : 0.0,
    "meanResTime" : 387.0,
    "medianResTime" : 193.0,
    "minResTime" : 191.0,
    "maxResTime" : 777.0,
    "pct1ResTime" : 777.0,
    "pct2ResTime" : 777.0,
    "pct3ResTime" : 777.0,
    "throughput" : 1.2776831345826234,
    "receivedKBytesPerSec" : 7.508883890545145,
    "sentKBytesPerSec" : 0.23083142568143103
  },
  "Crear Item" : {
    "transaction" : "Crear Item",
    "sampleCount" : 3,
    "errorCount" : 0,
    "errorPct" : 0.0,
    "meanResTime" : 194.66666666666666,
    "medianResTime" : 195.0,
    "minResTime" : 193.0,
    "maxResTime" : 196.0,
    "pct1ResTime" : 196.0,
    "pct2ResTime" : 196.0,
    "pct3ResTime" : 196.0,
    "throughput" : 1.6968325791855203,
    "receivedKBytesPerSec" : 1.5377545248868778,
    "sentKBytesPerSec" : 0.4291793339932127
  }
}