{
  "Total" : {
    "transaction" : "Total",
    "sampleCount" : 12,
    "errorCount" : 0,
    "errorPct" : 0.0,
    "meanResTime" : 315.83333333333337,
    "medianResTime" : 204.5,
    "minResTime" : 192.0,
    "maxResTime" : 1266.0,
    "pct1ResTime" : 1020.0000000000009,
    "pct2ResTime" : 1266.0,
    "pct3ResTime" : 1266.0,
    "throughput" : 3.1570639305445933,
    "receivedKBytesPerSec" : 23.721142462509864,
    "sentKBytesPerSec" : 0.7746213989739542
  },
  "Get Project" : {
    "transaction" : "Get Project",
    "sampleCount" : 3,
    "errorCount" : 0,
    "errorPct" : 0.0,
    "meanResTime" : 658.6666666666666,
    "medianResTime" : 446.0,
    "minResTime" : 264.0,
    "maxResTime" : 1266.0,
    "pct1ResTime" : 1266.0,
    "pct2ResTime" : 1266.0,
    "pct3ResTime" : 1266.0,
    "throughput" : 0.940144155437167,
    "receivedKBytesPerSec" : 26.05411215136321,
    "sentKBytesPerSec" : 0.16525971482293952
  },
  "Actualizar Project" : {
    "transaction" : "Actualizar Project",
    "sampleCount" : 3,
    "errorCount" : 0,
    "errorPct" : 0.0,
    "meanResTime" : 200.66666666666666,
    "medianResTime" : 204.0,
    "minResTime" : 192.0,
    "maxResTime" : 206.0,
    "pct1ResTime" : 206.0,
    "pct2ResTime" : 206.0,
    "pct3ResTime" : 206.0,
    "throughput" : 1.4144271570014144,
    "receivedKBytesPerSec" : 1.1064024929278642,
    "sentKBytesPerSec" : 0.38813870226308345
  },
  "Delete Project" : {
    "transaction" : "Delete Project",
    "sampleCount" : 3,
    "errorCount" : 0,
    "errorPct" : 0.0,
    "meanResTime" : 199.66666666666666,
    "medianResTime" : 198.0,
    "minResTime" : 198.0,
    "maxResTime" : 203.0,
    "pct1ResTime" : 203.0,
    "pct2ResTime" : 203.0,
    "pct3ResTime" : 203.0,
    "throughput" : 1.4071294559099436,
    "receivedKBytesPerSec" : 1.0993198874296435,
    "sentKBytesPerSec" : 0.3765170614446529
  },
  "Crear Project" : {
    "transaction" : "Crear Project",
    "sampleCount" : 3,
    "errorCount" : 0,
    "errorPct" : 0.0,
    "meanResTime" : 204.33333333333334,
    "medianResTime" : 205.0,
    "minResTime" : 200.0,
    "maxResTime" : 208.0,
    "pct1ResTime" : 208.0,
    "pct2ResTime" : 208.0,
    "pct3ResTime" : 208.0,
    "throughput" : 1.4124293785310735,
    "receivedKBytesPerSec" : 1.0993224752824857,
    "sentKBytesPerSec" : 0.37241790254237284
  }
}